{
  "mountain_town": {
    "The Arch (Mountain Town location)": [
      0.53352,
      0.35437,
      0.57044,
      0.36317
    ]
  },
  "forsaken_airfield": {
    "Final Approach": [
      0.30916,
      0.36652,
      0.33901,
      0.37892
    ],
    "Sudden Washout": [
      0.02918,
      0.25294,
      0.05348,
      0.27024
    ],
    "Mindful Cabin": [
      0.24459,
      0.12897,
      0.27273,
      0.15291
    ],
    "Island Cottage": [
      0.56061,
      0.12583,
      0.59431,
      0.15027
    ],
    "Cove": [
      0.57893,
      0.17414,
      0.60372,
      0.18534
    ],
    "Drift Island": [
      0.62956,
      0.17559,
      0.65195,
      0.18679
    ],
    "Archie's Crawlspace": [
      0.67962,
      0.22352,
      0.70963,
      0.24802
    ],
    "Cargomaster's Trailer": [
      0.50794,
      0.53614,
      0.55075,
      0.55531
    ],
    "Terminal": [
      0.54753,
      0.59625,
      0.57225,
      0.60931
    ],
    "Main Hangar": [
      0.56687,
      0.61705,
      0.60745,
      0.64092
    ],
    "Hangar Basement": [
      0.5688,
      0.6406,
      0.6058,
      0.65771
    ],
    "Spotter's Blind": [
      0.64897,
      0.55412,
      0.674,
      0.57029
    ],
    "Justy's Hovel": [
      0.80098,
      0.70269,
      0.82746,
      0.71302
    ],
    "Frost Cave": [
      0.46874,
      0.79586,
      0.49079,
      0.8127
    ],
    "Whealy's Turn": [
      0.39976,
      0.77918,
      0.42903,
      0.79299
    ],
    "Junker's Paddock": [
      0.13442,
      0.767,
      0.168,
      0.78567
    ],
    "Stony Passage": [
      0.08832,
      0.65244,
      0.12189,
      0.66738
    ],
    "Grip's Cave": [
      0.09075,
      0.61435,
      0.12613,
      0.62868
    ],
    "Bunker Omega": [
      0.89311,
      0.62032,
      0.93176,
      0.65447
    ],
    "Control Tower": [
      0.48909,
      0.55993,
      0.52355,
      0.58291
    ],
    "Surveyor's Memory": [
      0.38661,
      0.48852,
      0.42361,
      0.50648
    ]
  }
}
