{
  "mountain_town": {
    "The Arch (Mountain Town location)": [
      0.53352,
      0.35437,
      0.57044,
      0.36317
    ]
  },
  "forsaken_airfield": {
    "Final Approach": [
      0.30916,
      0.36652,
      0.33901,
      0.37892
    ],
    "Sudden Washout": [
      0.02918,
      0.25294,
      0.05348,
      0.27024
    ],
    "Mindful Cabin": [
      0.24459,
      0.12897,
      0.27273,
      0.15291
    ],
    "Island Cottage": [
      0.56061,
      0.12583,
      0.59431,
      0.15027
    ],
    "Cove": [
      0.57893,
      0.17414,
      0.60372,
      0.18534
    ],
    "Drift Island": [
      0.62956,
      0.17559,
      0.65195,
      0.18679
    ],
    "Archie's Crawlspace": [
      0.67962,
      0.22352,
      0.70963,
      0.24802
    ],
    "Cargomaster's Trailer": [
      0.50794,
      0.53614,
      0.55075,
      0.55531
    ],
    "Terminal": [
      0.54753,
      0.59625,
      0.57225,
      0.60931
    ],
    "Main Hangar": [
      0.56687,
      0.61705,
      0.60745,
      0.64092
    ],
    "Hangar Basement": [
      0.5688,
      0.6406,
      0.6058,
      0.65771
    ],
    "Spotter's Blind": [
      0.64897,
      0.55412,
      0.674,
      0.57029
    ],
    "Justy's Hovel": [
      0.80098,
      0.70269,
      0.82746,
      0.71302
    ],
    "Frost Cave": [
      0.46874,
      0.79586,
      0.49079,
      0.8127
    ],
    "Whealy's Turn": [
      0.39976,
      0.77918,
      0.42903,
      0.79299
    ],
    "Junker's Paddock": [
      0.13442,
      0.767,
      0.168,
      0.78567
    ],
    "Stony Passage": [
      0.08832,
      0.65244,
      0.12189,
      0.66738
    ],
    "Grip's Cave": [
      0.09075,
      0.61435,
      0.12613,
      0.62868
    ],
    "Bunker Omega": [
      0.89311,
      0.62032,
      0.93176,
      0.65447
    ],
    "Control Tower": [
      0.48909,
      0.55993,
      0.52355,
      0.58291
    ],
    "Surveyor's Memory": [
      0.38661,
      0.48852,
      0.42361,
      0.50648
    ]
  },
  "sundered_pass": {
    "Ogre's Teardrop": [
      0.13826,
      0.27536,
      0.18044,
      0.29365
    ],
    "Juniper Runoff": [
      0.18175,
      0.34771,
      0.20977,
      0.3595
    ],
    "Perilous Crossing": [
      0.16418,
      0.32798,
      0.19451,
      0.33964
    ],
    "Reluctant Shortcut": [
      0.41481,
      0.07827,
      0.45944,
      0.10178
    ],
    "Bolt Chopper's Haven": [
      0.4647,
      0.21037,
      0.5077,
      0.22519
    ],
    "Final Refuge": [
      0.58384,
      0.11701,
      0.62186,
      0.1353
    ],
    "Ambler's Lake": [
      0.60988,
      0.23013,
      0.65617,
      0.24842
    ],
    "Unyielding Inundation": [
      0.68244,
      0.11904,
      0.73321,
      0.14254
    ],
    "Roamer's Cave": [
      0.92701,
      0.27878,
      0.95343,
      0.2969
    ],
    "Cabin (Sundered Pass)": [
      0.56012,
      0.32367,
      0.59434,
      0.34434
    ],
    "Basement (Sundered Pass)": [
      0.49713,
      0.30136,
      0.52438,
      0.31549
    ],
    "Old Settlement": [
      0.55254,
      0.31123,
      0.56943,
      0.31745
    ],
    "Prayerful Window": [
      0.54087,
      0.41393,
      0.58141,
      0.42656
    ],
    "Cascading Gap": [
      0.35894,
      0.58462,
      0.39135,
      0.59575
    ],
    "Lotte's Rest": [
      0.3822,
      0.66032,
      0.40514,
      0.67071
    ],
    "Last Lonely House": [
      0.27206,
      0.62053,
      0.3048,
      0.63203
    ],
    "Route One Waterfall": [
      0.32104,
      0.57461,
      0.35548,
      0.58971
    ],
    "Baneful Bridge": [
      0.37819,
      0.70486,
      0.40234,
      0.71619
    ],
    "Seedling Spring": [
      0.27915,
      0.73558,
      0.30829,
      0.7481
    ],
    "Miserable Haunt": [
      0.24738,
      0.75136,
      0.28111,
      0.76518
    ],
    "Giant's Thumbprint": [
      0.26952,
      0.40871,
      0.30395,
      0.42232
    ],
    "Weather Station": [
      0.24841,
      0.23292,
      0.28744,
      0.24491
    ],
    "Idle Hideout": [
      0.34882,
      0.30407,
      0.37168,
      0.32203
    ],
    "Second Pillar": [
      0.26877,
      0.30747,
      0.29234,
      0.31944
    ],
    "Station Bunkhouse": [
      0.30189,
      0.25783,
      0.33978,
      0.28431
    ],
    "Placid Notch": [
      0.38585,
      0.43285,
      0.41271,
      0.44767
    ]
  },
  "transfer_pass": {
    "Vacant Depot": [
      0.7696,
      0.32839,
      0.82254,
      0.36945
    ],
    "Conductor's Dropoff": [
      0.85922,
      0.34745,
      0.93628,
      0.37463
    ],
    "Loitering Marsh": [
      0.67509,
      0.4063,
      0.74156,
      0.42734
    ],
    "Broad Aerie": [
      0.57271,
      0.53029,
      0.61204,
      0.54978
    ],
    "Feedwater Cave": [
      0.53068,
      0.58768,
      0.59637,
      0.60693
    ],
    "Distempered Flatcars": [
      0.77445,
      0.72262,
      0.85118,
      0.74317
    ],
    "Immutable Hesitation": [
      0.75138,
      0.11017,
      0.82003,
      0.13462
    ]
  },
  "zone_of_contamination": {
    "Old Corral": [
      0.14066,
      0.0689,
      0.17668,
      0.08284
    ],
    "Unquenched Extraction": [
      0.12237,
      0.11329,
      0.17704,
      0.12985
    ],
    "Langston Mine": [
      0.18704,
      0.17655,
      0.24453,
      0.18546
    ],
    "Turbulent Pasture": [
      0.46384,
      0.0927,
      0.50459,
      0.10702
    ],
    "Headframe Building": [
      0.48804,
      0.1898,
      0.54824,
      0.22826
    ],
    "Conveyor Room": [
      0.49036,
      0.20029,
      0.54644,
      0.20821
    ],
    "Pump House": [
      0.4976,
      0.32305,
      0.52118,
      0.34708
    ],
    "Overladen Pond": [
      0.50486,
      0.34691,
      0.54752,
      0.36014
    ],
    "Idle Camp": [
      0.71651,
      0.20467,
      0.76651,
      0.24049
    ],
    "Boss's Settlement": [
      0.8704,
      0.34037,
      0.93014,
      0.3598
    ],
    "Scaffolder's Hideout": [
      0.87748,
      0.39765,
      0.94618,
      0.41459
    ],
    "Flagman's Gap": [
      0.68972,
      0.41928,
      0.73864,
      0.44119
    ],
    "Welkin's Window": [
      0.67502,
      0.76062,
      0.73551,
      0.7763
    ],
    "Dubious Overlook": [
      0.63485,
      0.72311,
      0.684,
      0.73898
    ]
  }
}
